{
  "n_seeds": 10,
  "cqr_coverage": {
    "0.5": {
      "mean": 0.4949447077409162,
      "std": 0.02510854573057064
    },
    "0.8": {
      "mean": 0.803001579778831,
      "std": 0.02383372693967803
    },
    "0.9": {
      "mean": 0.8862559241706162,
      "std": 0.018745525401821585
    },
    "0.95": {
      "mean": 0.946603475513428,
      "std": 0.011901932513009398
    }
  },
  "raw_coverage": {
    "mean": 0.7783570300157978,
    "std": 0.044329900138284785
  },
  "cqr_width_80": {
    "mean": 20815.253328269177,
    "std": 940.2599933500815
  },
  "raw_width_80": {
    "mean": 20517.326431313166,
    "std": 1125.2239324338852
  },
  "subgroup_coverage": {
    "Smoker": {
      "mean": 0.7809642672251909,
      "std": 0.04041167885448649
    },
    "Non-smoker": {
      "mean": 0.8076966582434031,
      "std": 0.024587831598074983
    },
    "Age < 35": {
      "mean": 0.8146496779671972,
      "std": 0.04623390607439039
    },
    "Age 35\u201350": {
      "mean": 0.815007424329305,
      "std": 0.029922558818643488
    },
    "Age > 50": {
      "mean": 0.7955639473564845,
      "std": 0.036414740736778244
    },
    "BMI < 25": {
      "mean": 0.8040469008494038,
      "std": 0.031908919453247024
    },
    "BMI 25\u201330": {
      "mean": 0.8297895126499709,
      "std": 0.029055299246591518
    },
    "BMI \u2265 30": {
      "mean": 0.7782587696292411,
      "std": 0.03274594836639281
    },
    "Northeast": {
      "mean": 0.8026063551959893,
      "std": 0.0831990787172045
    },
    "Midwest": {
      "mean": 0.7870865151945633,
      "std": 0.05574692574987423
    },
    "South": {
      "mean": 0.8093897547559707,
      "std": 0.039429946365135166
    },
    "West": {
      "mean": 0.8083321683740359,
      "std": 0.0599129752396435
    }
  },
  "benchmarks": {
    "Global mean": {
      "mae": {
        "mean": 11862.918392984751,
        "std": 964.8046554610486
      },
      "rmse": {
        "mean": 33663.795676164445,
        "std": 18233.75506920662
      },
      "pinball_lo": {
        "mean": 1053.2321958925752,
        "std": 120.76787960941898
      },
      "pinball_hi": {
        "mean": 5349.619800947867,
        "std": 921.8163464821181
      },
      "width": {
        "mean": 23980.980000000007,
        "std": 1055.321628509529
      },
      "coverage_80": {
        "mean": 0.8935229067930489,
        "std": 0.015674081206714017
      }
    },
    "Linear regression": {
      "mae": {
        "mean": 11282.0068880527,
        "std": 935.0650739324201
      },
      "rmse": {
        "mean": 33394.08439089477,
        "std": 18271.829072194345
      },
      "pinball_lo": {
        "mean": 1053.222121049043,
        "std": 120.77772567369291
      },
      "pinball_hi": {
        "mean": 6514.398499046076,
        "std": 974.1434132862216
      },
      "width": {
        "mean": 52755.37519100944,
        "std": 14210.806136538906
      },
      "coverage_80": {
        "mean": 0.9593996840442338,
        "std": 0.020946818852000372
      }
    },
    "GBM + Gaussian": {
      "mae": {
        "mean": 12285.482492994926,
        "std": 880.0658516393704
      },
      "rmse": {
        "mean": 35467.48102303941,
        "std": 17382.108983064274
      },
      "pinball_lo": {
        "mean": 1427.744799763916,
        "std": 147.41292547025378
      },
      "pinball_hi": {
        "mean": 5882.068582324341,
        "std": 778.325771088622
      },
      "width": {
        "mean": 40909.35562139559,
        "std": 9428.87402338025
      },
      "coverage_80": {
        "mean": 0.917219589257504,
        "std": 0.031770448140237315
      }
    },
    "Raw quantile": {
      "mae": {
        "mean": 9335.027089838102,
        "std": 1070.7742894348905
      },
      "rmse": {
        "mean": 34084.09621742969,
        "std": 18169.744615919357
      },
      "pinball_lo": {
        "mean": 1064.0041885568944,
        "std": 119.3471147442024
      },
      "pinball_hi": {
        "mean": 5346.549134475485,
        "std": 835.6197780325932
      },
      "width": {
        "mean": 20517.326431313166,
        "std": 1125.2239324338852
      },
      "coverage_80": {
        "mean": 0.7783570300157978,
        "std": 0.044329900138284785
      }
    },
    "CQR (Gauge)": {
      "mae": {
        "mean": 9335.027089838102,
        "std": 1070.7742894348905
      },
      "rmse": {
        "mean": 34084.09621742969,
        "std": 18169.744615919357
      },
      "pinball_lo": {
        "mean": 1058.6342137833713,
        "std": 119.6315482007738
      },
      "pinball_hi": {
        "mean": 5335.979664394445,
        "std": 833.5817683032561
      },
      "width": {
        "mean": 20815.253328269177,
        "std": 940.2599933500815
      },
      "coverage_80": {
        "mean": 0.803001579778831,
        "std": 0.02383372693967803
      }
    }
  },
  "ablations": {
    "Drop BMI": {
      "mae": {
        "mean": 9329.090020006706,
        "std": 1128.6623835454022
      },
      "width": {
        "mean": 22009.375126101844,
        "std": 1037.1759426639937
      },
      "mae_delta": {
        "mean": -5.937069831396366,
        "std": 95.73018592470396
      },
      "width_delta": {
        "mean": 1194.1217978326702,
        "std": 497.6171622698846
      }
    },
    "Drop smoker": {
      "mae": {
        "mean": 9362.010269208888,
        "std": 1058.3170940555028
      },
      "width": {
        "mean": 21068.84476250231,
        "std": 941.9916964308396
      },
      "mae_delta": {
        "mean": 26.983179370786274,
        "std": 37.28320744683691
      },
      "width_delta": {
        "mean": 253.59143423313216,
        "std": 236.98853595947932
      }
    }
  }
}